test1,test2,test3
﻿"test1 value","test2 value ","test3 value"
﻿test1,test2,test3
﻿"test1 value","test2 value ","test3 value"
﻿test1,test2,test3
﻿"test1 value","test2 value ","test3 value"
﻿test1,test2,test3
﻿"test1 value","test2 value ","test3 value"
﻿test1,test2,test3
﻿"test1 value","test2 value ","test3 value"
﻿test1,test2,test3
﻿"test1 value","test2 value ","test3 value"
﻿test1,test2,test3
﻿"test1 value","test2 value ","test3 value"
﻿test1,test2,test3
﻿"test1 value","test2 value ","test3 value"
﻿test1,test2,test3
﻿"test1 value","test2 value ","test3 value"
﻿test1,test2,test3
﻿"test1 value","test2 value ","test3 value"
